title,description,question_id
"Дисконт","Их бывает два вида: накопительная и скидочная",1
"Инвентаризация","Это процесс подсчёта и оценки всех активов, имеющихся в наличии на определённый момент времени.",2
"Венчик","Был такой персонаж в сериале 'папины дочки'",3
"Гардманнье","Не многие знают, а те которые знают могут гордиться!",4
"Пастеризация","Часто используются такие приставки как 'ультра' и 'мега' ",5
"Италия","Здесь находится Колизей и вулкан Везувий",6
"Россия","Она расположена в двух частях света",7
"Англия","Или точнее - Великобритания",8
"Италия","Столица этой страны - Рим",9
"Канада","Эта страна известна своими хоккеем и кленовым сиропом",10
"Аллегро","Это слово есть в марке автомобилей",11
"Эвита","В основе сюжета - биография Евы Перон",12
"Шесть","Их может быть и 7, и 12, но у классической - шесть",13
"Бубен","Его разновидность - шаманский бубен",14
"Вивальди","Этот композитор был итальянцем",15
"Картограф","Эта профессия тесно связана с географами",16
"Лоцман","Он проводит суда через опасные участки",17
"Реставратор","Этот специалист работает в архивах и библиотеках",18
"Стоматолог","Или более узко - челюстно-лицевой хирург",19
"Искусствовед","Часто работает на аукционах",20
"Летучая мышь","Относится к отряду рукокрылых",21
"Белый медведь","Обитает в Арктике",22
"Осьминог","Эти сердца качают кровь разного цвета",23
"Утконос","Обитает в Австралии",24
"Страус","Может развивать скорость до 70 км/ч",25
"Зависть","Одно из семи смертных грехов",26
"Тревога","Может быть генерализованным расстройством",27
"Апатия","Частый симптом депрессии",28
"Злорадство","Происходит от немецкого 'Schadenfreude'",29
"Высокомерие","Часто идет перед падением",30
"Тарантино","Американский режиссёр, известный нелинейной структурой повествования",31
"Стрип","Американская актриса, известная ролью в 'Дьявол носит Prada'",32
"Властелин Колец","Кинотрилогия по роману Толкиена",33
"Зум","Может быть оптическим или цифровым",34
"Леджер","Австралийский актёр, трагически погибший в 2008 году",35
"Александра","Родилась в Гессен-Дармштадте, была внучкой английской королевы Виктории",36
"Архимед","Древнегреческий математик и изобретатель из Сиракуз",37
"1969","Миссия 'Аполлон-11'",38
"Романовы","Начало династии положил Михаил Фёдорович",39
"Фёдоровы","Иван Фёдоров и Пётр Мстиславец",40
"Цезарь","Его именем назван месяц июль",41
"1453","Осада Бордо",42
"Александр","Царь-реформатор, погиб от рук народовольцев",43
"Сократ","Его метод познания — майевтика",44
"Нюрнберг","Международный военный трибунал",45
"Соусье","Ключевая фигура в системе бригадного цеха Огюста Эскофье",46
"Турне","Нож с изогнутым лезвием для художественной резки",47
"Маринование","Может быть сухим или влажным",48
"Сомелье","Специалист по винной этике и сервировке",49
"Амюзбуш","В переводе с французского 'развлекающий рот'",50
"Финчер","Его фильмы отличаются тёмной цветовой палитрой и сложным монтажом",51
"ДиКаприо","Лауреат премии 'Оскар' за роль в 'Выжившем'",52
"Фанфик","Может быть в формате AMV или фанатского трейлера",53
"Куросава","Японский мастер, оказавший влияние на западный кинематограф",54
"BAFTA","Британский аналог 'Оскара'",55
"Булгаков","Роман писался более 10 лет",56
"Ампер","Названа в честь французского физика",57
"Нил","Река в Африке",58
"Мунк","Норвежский экспрессионист",59
"Англия","Основатель ФИФА",60
"Apple","Компания основана Стивом Джобсом",61
"Соевый соус","Используется в азиатской кухне",62
"Раффлезия","Произрастает в Юго-Восточной Азии",63
"Бернини","Итальянский архитектор барокко",64
"Шанель","Французский модельер",65
"Солнце","Желтый карлик",66
"Вытеснение","Один из механизмов защиты по Фрейду",67
"Пушкин","Золотой век русской литературы",68
"Золото","Благородный металл",69
"Канберра","Не Сидней",70
"Микеланджело","Эпоха Возрождения",71
"Бадминтон","Олимпийский вид спорта",72
"Гейтс","Один из богатейших людей мира",73
"Эклер","Французское происхождение",74
"Береза","Национальное дерево",75
"Готика","Средневековый стиль",76
"Версаче","Итальянский luxury-бренд",77
"Сатурн","Газовый гигант",78
"Фаллическая","Эдипов комплекс",79
"Лермонтов","Русский поэт 19 века",80
"Ньютон","Английский ученый",81
"Байкал","Находится в России",82
"Кубизм","Авангардное течение",83
"Баскетбол","Изобретен в США",84
"JavaScript","Для frontend-разработки",85
"Рокфор","Французский сыр",86
"Желудь","Плод дуба",87
"Тадж-Махал","Построен Шах-Джаханом",88
"Платформы","Обувь 70-х",89
"Луна","Естественный спутник",90
"Биполярное","Аффективное расстройство",91
"Ахматова","Русская поэтесса",92
"Оптика","Раздел физики",93
"Атакама","Самая сухая пустыня",94
"Айвазовский","Автор 'Девятого вала'",95
"Серфинг","Водный вид спорта",96
"Дерева","Первая мышь Дугласа Энгельбарта",97
"Ризотто","Итальянская кухня",98
"Сосна","Хвойное дерево",99
"Хай-тек","Современный стиль",100
"Галстук","Мужской аксессуар",101
"Марс","Четвертая планета",102
"Амнезия","Потеря памяти",103
"Грибоедов","Русский драматург",104
"Зоология","Наука о животных",105
"Гедонизм","Философия наслаждения",106
"Бородин","Автор 'Богатырской симфонии'",107
"Млечный","Наша галактика",108
"Чертополох","Колючее растение",109
"Алматы","Крупнейший город Казахстана",110
"Вольфрам","Используется для нитей накаливания",111
"Роден","Французский скульптор",112
"Лёгкая атлетика","Королева спорта",113
"Intel","Американская корпорация",114
"Мимолет","Мягкий сыр с промытой коркой",115
"Пилястра","Вертикальный выступ стены",116
"Фрейд","Автор 'Толкования сновидений'",117
"Онегин","Роман в стихах",118
"Углекислый","CO2",119
"Змея","Символ Асклепия",120
"Сострадание","Катарсис у Аристотеля",121
"Треугольник печали","Фильм Рубена Эстлунда",122
"Помпей","Гней Помпей Великий",123
"Голландский","Соус на основе яичных желтков и масла",124
"Саксофон","Изобретен Адольфом Саксом",125
"Эксперт","Работает с аукционами",126
"Орёл","Белоголовый орлан",127
"Тоска","Мировая скорбь",128
"Жан-Пьер Жене","Французский режиссёр",129
"Полтавская","1709 год",130
"Лермонтов","Поэт",131
"Стереометрия","Раздел геометрии",132
"Руб-эль-Хали","Пустыня на Аравийском полуострове",133
"Малевич","Русский авангардист",134
"Япония","Окинава",135
"Блокчейн","Распределённый реестр",136
"Текила","Мексиканский напиток",137
"Самшит","Твердая древесина",138
"Готика","Средневековый стиль",139
"Диор","Кристиан Диор",140
"Титан","Спутник Сатурна",141
"Диссоциативное","Раздвоение личности",142
"Ницше","Немецкий философ",143
"Углерод","Основа жизни",144
"Гибралтар","Соединяет Атлантику и Средиземное море",145
"Вучетич","Евгений Вучетич",146
"Самбо","Советское боевое искусство",147
"Гвидо ван Россум","Голландский программист",148
"Пуэр","Китайский чай",149
"Сакура","Цветущая вишня",150
"Захаров","Андреян Захаров",151
"Кристиан","Кристиан Диор",152
"Чёрная дыра","Объект с сингулярностью",153
"Проекция","Защитный механизм",154
"Гессе","Немецкий писатель",155
"Везувий","Действующий вулкан",156
"Майонез","Французский соус",157
"Ритардандо","Музыкальный термин",158
"Метеоролог","Синоптик",159
"Дельфин","Высокий интеллект",160
"Тоска","По дому",161
"Тарковский","Андрей Тарковский",162
"Стамфорд Бридж","1066 год",163
"Блок","Александр Блок",164
"Архимед","Закон Архимеда",165
"Мёртвое","Озеро на Ближнем Востоке",166
"Босх","Нидерландский художник",167
"Шотландия","Старинная игра",168
"Apple","Macintosh",169
"Рис","Зерно для саке",170
"Ива","Кора ивы",171
"Ар-деко","Стиль 20-х годов",172
"Ушанка","Меховая шапка",173
"Нейтронная","Пульсар",174
"Юнг","Карл Густав Юнг",175
"Чехов","Антон Чехов",176
"Магний","Хлорофилл",177
"Рейнский","Водопад в Швейцарии",178
"Фальконе","Этьен Фальконе",179
"Крокет","Игра с шарами и молотками",180
"Instagram","Социальная сеть",181
"Мороженое","Замороженный десерт",182
"Самшит","Железное дерево",183
"Бэй Юймин","Американский архитектор китайского происхождения",184
"Маккуин","Александр Маккуин",185
"Вояджер","Вояджер-1",186
"Бандура","Альберт Бандура",187
"Джойс","Джеймс Джойс",188
"Ртуть","Жидкий металл",189
"Анды","Горы в Южной Америке",190
"Милле","Джон Эверетт Милле",191
"Англия","Уимблдон",192
"IBM","Американская компания",193
"Корица","Пряность",194
"Бамбук","Символ долголетия",195
"Владимиро-суздальский","Белокаменное зодчество",196
"Вивьен Вествуд","Британский дизайнер",197
"Йена","Планетарий в Германии",198
"Эвристика","Эвристика доступности",199
"Ницше","Фридрих Ницше",200
"Пётр","Пётр I",201
"Взбивание","Кондитерский приём",202
"Альт","Струнный инструмент",203
"Эпиграфист","Изучает надписи",204
"Синий кит","Самое громкое животное",205
"Банник","Дух бани в славянской мифологии",206
"ВВП","Валовой внутренний продукт",207
"Меллиорация","Улучшение значения слова",208
"Экзогамия","Правило брака вне группы",209
"Энигма","Немецкая шифровальная машина",210
"Азимов","Айзек Азимов",211
"Бертильонаж","Антропометрический метод",212
"Неприкосновенность","Дипломатическая почта",213
"Альбинизм","Отсутствие меланина",214
"Глиальные","Клетки глии",215
"Химера","Чудовище из греческих мифов",216
"Рикардо","Давид Рикардо",217
"Латынь","Язык Древнего Рима",218
"Инициация","Обряд перехода",219
"Скитала","Транспозиционный шифр",220
"Чапек","Карел Чапек",221
"Бертильонаж","Антропометрия",222
"Верительная грамота","Документ для посла",223
"Транскрипция","Синтез РНК",224
"Гиппокамп","Часть лимбической системы",225
"Фенрир","Волк в скандинавской мифологии",226
"Кондратьев","Николай Кондратьев",227
"Койсанский","Языки бушменов",228
"Леви-Стросс","Клод Леви-Стросс",229
"Керкгоффса","Принцип Керкгоффса",230
"Хаксли","Олдос Хаксли",231
"Венография","Идентификация по венам",232
"Посланник","Дипломатический ранг",233
"Синдром Дауна","Трисомия 21",234
"Дофаминовая","Нейромедиатор дофамин",235
"Анубис","Бог с головой шакала",236
"Базовая инфляция","Core inflation",237
"18","Большое количество падежей",238
"Универсалия","Культурная универсалия",239
"RSA","Алгоритм Ривеста-Шамира-Адлемана",240
"Стругацкие","Аркадий и Борис Стругацкие",241
"Хроматография","Анализ чернил",242
"Экстерриториальность","Дипломатическая территория",243
"TP53","Ген-супрессор опухолей",244
"Брока","Зона Брока",245
"Кицунэ","Лис-оборотень в Японии",246
"Парадокс бережливости","Экономический парадокс",247
"Заменгоф","Людвиг Заменгоф",248
"Широкогоров","Сергей Широкогоров",249
"Коблов","Александр Коблов",250
"Омон Ра","Виктор Пелевин",251
"Иридология","Идентификация по радужке",252
"Демарш","Дипломатический протест",253
"Метилирование","Эпигенетический процесс",254
"Миндалина","Миндалевидное тело",255
"Шеша","Змей в индуизме",256
"Канеман","Даниэль Канеман",257
"Китайский","Мандаринский китайский",258
"Включенное наблюдение","Полевое исследование",259
"Левин","Александр Левин",260
"Мартин","Джордж Мартин",261
"Герасимов","Метод Герасимова",262
"Венский регламент","Дипломатический протокол",263
"Хантингтон","Болезнь Хантингтона",264
"Молисон","Генри Молисон",265
"Дагда","Котел из кельтских мифов",266
"ИПЦ","Индекс потребительских цен",267
"Китайский","Древнейшая письменность",268
"Фрэзер","Джеймс Фрэзер",269
"Татуировка","Стеганографический метод",270
"Воннегут","Курт Воннегут",271
"Рентгенография","Анализ картин",272
"Нота","Дипломатическая нота",273
"Матреализация","Митохондриальное наследование",274
"Субталамическое ядро","Зона мозга",275
"Иштар","Богиня в Месопотамии",276
"Нэш","Джон Нэш",277
"Македонский","Славянский язык",278
"Культурный шок","Антропологический термин",279
"RSA","Первый асимметричный алгоритм",280
"Лем","Станислав Лем",281
"Отоскопия","Идентификация по ушам",282
"Венская конвенция","Международный договор",283
"Синдром Прадера-Вилли","Генетическое заболевание",284
"Твердая","Дура матер",285
"Уицилопочтли","Бог ацтеков",286
"Экстерналия","Внешние эффекты",287
"Табасаранский","Язык Дагестана",288
"Рэдклифф-Браун","Альфред Рэдклифф-Браун",289
"Генри","Сергей Генри",290
"Брэдбери","Рэй Брэдбери",291
"Геммология","Наука о камнях",292
"Полномочный","Посол имеет полномочия",293
"Гемофилия","Наследственное заболевание",294
"Гиппокамп","Морской конёк",295
"Атлант","Титан в греческой мифологии",296
"Шумпетер","Йозеф Шумпетер",297
"Английский","Международный язык",298
"Холл","Эдвард Холл",299
"Тайминг-атака","Временная атака",300
"Желязны","Роджер Желязны",301
"Графология","Анализ почерка",302
"Дипломатическая защита","Право государства",303
"Прогерия","Синдром Хатчинсона-Гилфорда",304
"Супрахиазмальное ядро","Ядро в гипоталамусе",305
"ГАМК","Гамма-аминомасляная кислота",306
"Ипполита","Царица амазонок",307
"Парадокс Гибсона","Экономический парадокс",308
"Бленд","Слияние слов",309
"Хомский","Ноам Хомский",310
"Квантовая","Квантовая криптография",311
"Хайнлайн","Роберт Хайнлайн",312
"STR-анализ","Анализ коротких тандемных повторов",313
"Агреман","Предварительное согласие",314
"Муковисцидоз","Кистозный фиброз",315
"Варолиев мост","Структура мозга",316
"Драупнир","Кольцо Одина",317
"Сальдо","Торговый баланс",318
"Японский","Смешанная письменность",319
"Мана","Сверхъестественная сила",320
"Маргулис","Григорий Маргулис",321
"Герберт","Фрэнк Герберт",322
"Фоноскопия","Анализ аудиозаписей",323
"Мирный договор","Международный документ",324
"Вильсона","Болезнь Вильсона",325
"Мост","Варолиев мост",326
"Эа","Бог мудрости в Шумере",327
"Лукас","Роберт Лукас",328
"Японский","Нихонго",329
"Геннеп","Арнольд ван Геннеп",330
"ECDSA","Elliptic Curve Digital Signature Algorithm",331
"Замятин","Евгений Замятин",332
"Баллистика","Судебная баллистика",333
"Денонсация","Отказ от договора",334
"Тернера","Синдром Тернера",335
"Веретенообразная","Фузиформная извилина",336
"Хнум","Бог-творец в Египте",337
"Инфляция","Рост цен",338
"Хангыль","Корейское письмо",339
"Бурдье","Пьер Бурдье",340
"Микроточки","Стеганографический метод",341
"Джордан","Роберт Джордан",342
"Петрография","Анализ горных пород",343
"Советник","Дипломатический ранг",344
"Фенилкетонурия","Нарушение метаболизма",345
"Миндалевидное","Эффект Клювера-Бьюси",346
"Морриган","Богиня в кельтской мифологии",347
"Dow Jones","Промышленный индекс",348
"Датский","Скандинавский язык",349
"Шарон","Мери Шарон",350
"Колмогоров","Андрей Колмогоров",351
"Адамс","Дуглас Адамс",352
"Термография","Тепловизионный анализ",353
"Демиш","Снижение уровня отношений",354
"Патау","Синдром Патау",355
"Продолговатый","Продолговатый мозг",356
"Шива","Бог-разрушитель в индуизме",357
"Беккер","Гэри Беккер",358
"Амхарский","Язык Эфиопии",359
"Арьес","Филипп Арьес",360
"Магма","Симметричный алгоритм",361
"Гибсон","Уильям Гибсон",362
"Энтомология","Судебная энтомология",363
"Монтегю","Конвенция Монтегю",364
"Лежена","Синдром кошачьего крика",365
"Гиппокамп","Память и обучение",366
"Асклепий","Бог врачевания",367
"Валютный курс","Обменный курс",368
"Финикийский","Древний алфавит",369
"Потапов","Леонид Потапов",370
"DPA","Differential Power Analysis",371
"Буль","Пьер Буль",372
"Хейлография","Идентификация по губам",373
"Шельф","Континентальный шельф",374
"Галактоземия","Нарушение метаболизма",375
"Бродман","Цитоархитектонические поля",376
"Мардук","Верховный бог Вавилона",377
"Кондратьев","Николай Кондратьев",378
"Вьетнамский","Тональный язык",379
"Вильямс","Реймонд Вильямс",380
"NFS","Number Field Sieve",381
"Уоттс","Питер Уоттс",382
"Термолюминесценция","Датирование керамики",383
"Экстерриториальность","Неприкосновенность помещений",384
"Хантингтона","Болезнь Хантингтона",385
"Таламус","Релейная станция мозга",386
"Райдзин","Бог грома в Японии",387
"Дилемма заключенных","Теория игр",388
"Банту","Языки Африки",389
"Мосс","Марсель Мосс",390
"ECDH","Elliptic Curve Diffie-Hellman",391
"Кларк","Артур Кларк",392
"Гаит-анализ","Анализ походки",393
"Трактат","Международный договор",394
"Пигментная ксеродерма","Нарушение репарации ДНК",395
"Гипоталамус","Регуляция гипофиза",396
"Сварог","Верховный бог славян",397
"Акерлоф","Джордж Акерлоф",398
"Нама","Язык Намибии",399
"Батанов","Георгий Батанов",400
"ГОСТ Р 34.10-2012","Российский стандарт ЭП",401
"Симмонс","Дэн Симмонс",402
"Нумизматика","Изучение монет",403
"Суверенитет","Воздушный суверенитет",404
"Марфана","Синдром Марфана",405
"Манго","Тропический фрукт",406
"Одиннадцать","Футбольная команда",407
"Медведь","Символ России",408
"Чай","Английский чаепитие",409
"Париж","Столица Франции",410
"Да Винчи","Леонардо да Винчи",411
"Алюминий","Крылатый металл",412
"Февраль","Короткий месяц",413
"Марс","Красная планета",414
"Ершов","Пётр Ершов",415
"Яблоко","Фрукт разных цветов",416
"Лёгкая атлетика","Королева спорта",417
"Птица","Птичье молоко",418
"Щи","Русский суп",419
"Тихий","Самый большой океан",420
"Достоевский","Фёдор Достоевский",421
"Кислород","Газ для дыхания",422
"366","Дней в високосном году",423
"Луна","Спутник Земли",424
"Киви","Мохнатый фрукт",425
"Греция","Родина Олимпиад",426
"Жираф","Самое высокое животное",427
"Свёкла","Овощ для борща",428
"Темза","Река в Лондоне",429
"Пушкин","Александр Пушкин",430
"Алюминий","Металл для фольги",431
"Гагарин","Юрий Гагарин",432
"Юпитер","Самая большая планета",433
"Слива","Фрукт для чернослива",434
"Гимнастика","Спорт на снарядах",435
"Птица","Эмблема Мерседес",436
"Вино","Напиток из винограда",437
"Италия","Страна-сапог",438
"Пушкин","Александр Пушкин",439
"Кислород","Элемент O",440
"1945","Конец войны",441
"Солнце","Ближайшая звезда",442
"Гранат","Райское яблоко",443
"Круглый","Мяч для баскетбола",444
"Сова","Символ мудрости",445
"Бублик","Хлебное кольцо",446
"Эверест","Самая высокая гора",447
"Гоголь","Николай Гоголь",448
"Гелий","Газ для шариков",449
"Ельцин","Борис Ельцин",450
"Сатурн","Планета с кольцами",451
"Лук","Овощ от слёз",452
"Хоккей","Игра с шайбой",453
"Гепард","Самое быстрое животное",454
"Йогурт","Кисломолочный продукт",455
"Санкт-Петербург","Северная Венеция",456
"Тургенев","Иван Тургенев",457
"Ртуть","Жидкий металл",458
"Пётр","Пётр Первый",459
"Венера","Самая горячая планета",460
"Яблоко","Символ Нью-Йорка",461
"Бадминтон","Игра с воланом",462
"Медведь","Зимняя спячка",463
"Мёд","Продукт пчёл",464
"Сахара","Большая пустыня",465
"Толстой","Лев Толстой",466
"Кислород","Для горения",467
"Кутузов","Михаил Кутузов",468
"Юпитер","Много спутников",469
"Капуста","Овощ разных цветов",470
"Лёгкая атлетика","Бег и прыжки",471
"Свинья","Для свинины",472
"Пиво","Напиток из ячменя",473
"Англия","Родина футбола",474
"Аксаков","Сергей Аксаков",475
"Ртуть","В термометрах",476
"Репин","Илья Репин",477
"1961","Полет Гагарина",478
"Венера","Утренняя звезда",479
"Персик","Фрукт с косточкой",480
"Теннис","Игра с мячиком",481
"Кенгуру","Символ Австралии",482
"Творог","Молочный продукт",483
"Волга","Длинная река Европы",484
"Пушкин","Александр Пушкин",485
"Гелий","Газ для голоса",486
"Армстронг","Нил Армстронг",487
"Меркурий","Самая маленькая планета",488
"Мясо","Для хинкали",489
"Художественная гимнастика","Спорт с лентами",490
"Кит","Самое большое животное",491
"Шоколад","Из какао-бобов",492
"Россия","Самая большая страна",493
"Островский","Александр Островский",494
"Углерод","В алмазах",495
"Жуков","Георгий Жуков",496
"Нептун","Синяя планета",497
"Виноград","Фрукт гроздьями",498
"Бейсбол","Игра с битой",499
"Орёл","Символ США",500
"Творог","Для сырников",501
"Токио","Столица Японии",502
"Тургенев","Иван Тургенев",503
"Медь","Красный металл",504
"1991","Распад СССР",505
"Уран","Планета на боку",506
"Картофель","Второй хлеб",507
"Плавание","Водный спорт",508
"Овца","Для баранины",509
"Чай","Из чайных листьев",510
"Греция","Родина Олимпиад",511
"Некрасов","Николай Некрасов",512
"Ацетилен","Для сварки",513
"Николай","Николай II",514
"Меркурий","Ближайшая к Солнцу",515
"Нектарин","Гладкий персик",516
"Хоккей","С шайбой",517
"Панда","Символ Китая",518
"Сырник","Из творога",519
"Москва","Белокаменная",520
"Гоголь","Николай Гоголь",521
"Медь","Для проводов",522
"Донской","Дмитрий Донской",523
"Юпитер","Большая планета",524
"Картофель","Для пюре",525
"Тяжёлая атлетика","Поднятие тяжестей",526
"Землеройка","Маленькое млекопитающее",527
"Кофе","Из зёрен",528
"Италия","Родина пиццы",529
"Гончаров","Иван Гончаров",530
"Железо","Для ржавчины",531
"Иван Грозный","Первый царь",532
"Земля","Голубая планета",533
"Абрикос","Для кураги",534
"Теннис","С ракеткой",535
"Лемур","Символ Мадагаскара",536
"Сыр","С дырками",537
"Каир","Столица Египта",538
"Фонвизин","Денис Фонвизин",539
"Углекислый","Для газировки",540
"1380","Куликовская битва",541
"Сатурн","С кольцами",542
"Картофель","Для Оливье",543
"Бег с препятствиями","С барьерами",544
"Корова","Для говядины",545
"Сидр","Из яблок",546
"США","Родина гамбургера",547
"Чехов","Антон Чехов",548
"Золото","Для украшений",549
"Невский","Александр Невский",550
"Юпитер","С красным пятном",551
"Апельсин","Цитрусовый",552
"Гольф","С клюшкой",553
"Бобр","Символ Канады",554
"Хлеб","Из муки",555
"Берлин","Столица Германии",556
"Лермонтов","Михаил Лермонтов",557
"Уран","Для АЭС",558
"Вашингтон","Джордж Вашингтон",559
"Нептун","Дальняя планета",560
"Капуста","Для голубцов",561
"Прыжки в воду","В бассейне",562
"Синий кит","Громкое животное",563
"Саке","Из риса",564
"Япония","Родина суши",565
"Чехов","Антон Чехов",566
"Кислород","Для водолазов",567
"1917","Октябрьская революция",568
"Нептун","14 спутников",569
"Лимон","Кислый фрукт",570
"Бейсбол","С перчаткой",571
"Тигр","Символ Индии",572
"Сметана","Для блинов",573
"Рим","Столица Италии",574
"Шолохов","Михаил Шолохов",575
"Свинец","От радиации",576
"Жуков","Георгий Жуков",577
"Уран","Бриллиантовая",578
"Свёкла","Для винегрета",579
"Фигурное катание","На коньках",580
"Курица","Для курятины",581
"Водка","Из картофеля",582
"Мексика","Родина шоколада",583
"Андерсен","Ганс Андерсен",584
"Вольфрам","В лампах",585
"Гагарин","Юрий Гагарин",586
"Венера","Против часовой",587
"Кокос","На пальме",588
"Волейбол","С сеткой",589
"Слон","Символ Африки",590
"Соевый соус","Из бобов",591
"Мадрид","Столица Испании",592
"Пастернак","Борис Пастернак",593
"Гелий","Для дирижаблей",594
"1945","Конец войны",595
"Меркурий","Короткий год",596
"Баклажан","Для рататуя",597
"Велоспорт","На велосипеде",598
"Дельфин","Умное животное",599
"Портвейн","Виноградное вино",600
"Китай","Родина чая",601
"Карамзин","Николай Карамзин",602
"Медь","Для монет",603
"Орлов","Алексей Орлов",604
"Уран","Ледяные кольца",605
"Маракуйя","Фрукт страсти",606
"Шестнадцать","Фигуры в шахматах",607
"Медведь","Символ Берлина",608
"Милкшейк","Молочный коктейль",609
"Оттава","Столица Канады",610
"Ван Гог","Подсолнухи",611
"Олово","Для консервных банок",612
"Апрель","Месяц на А",613
"Венера","Вечерняя звезда",614
"Перро","Шарль Перро",615
"Виноград","Фрукт разных цветов",616
"Дзюдо","Броски через плечо",617
"Кот","Кошачье дерево",618
"Окрошка","Холодный суп",619
"Южный","Океан у Антарктиды",620
"Дюма","Александр Дюма",621
"Пропан","Газ для зажигалок",622
"Двадцать четыре","Часов в сутках",623
"Комета","Небесное тело с хвостом",624
"Дуриан","Колючий фрукт",625
"Шотландия","Родина кёрлинга",626
"Ленивец","Медленное животное",627
"Огурец","Для греческого салата",628
"Сена","Река в Париже",629
"Пушкин","Александр Пушкин",630
"Свинец","Для аккумуляторов",631
"Терешкова","Валентина Терешкова",632
"Сатурн","Яркие кольца",633
"Виноград","Для изюма",634
"Гимнастика","На бревне",635
"Лошадь","Логотип Porsche",636
"Пиво","Из солода",637
"Венгрия","Страна-подкова",638
"Пушкин","Александр Пушкин",639
"Водород","Элемент H",640
"1789","Французская революция",641
"Полярная","Указывает на север",642
"Апельсин","Китайское яблоко",643
"Овальный","Мяч для регби",644
"Петух","Символ Парижа",645
"Круассан","Хлеб полумесяцем",646
"Атакама","Пустыня в Чили",647
"Грибоедов","Александр Грибоедов",648
"Углекислый","Для тушения пожаров",649
"Магеллан","Фернан Магеллан",650
"Юпитер","Большие шторма",651
"Салат","Для Цезаря",652
"Хоккей","На льду",653
"Слон","Тяжёлое животное",654
"Сливочное масло","Из сливок",655
"Рим","На семи холмах",656
"Чехов","Антон Чехов",657
"Цинк","Для покрытия железа",658
"Александр","Александр II",659
"Нептун","Ветреная планета",660
"Ананас","Символ гостеприимства",661
"Бадминтон","С воланом",662
"Белка","Спячка на деревьях",663
"Воск","Для сот",664
"Канада","Длинная береговая",665
"Толстой","Лев Толстой",666
"Углерод","Для фотосинтеза",667
"Нахимов","Павел Нахимов",668
"Уран","Голубая планета",669
"Перец","Острый и сладкий",670
"Лёгкая атлетика","Метание копья",671
"Лошадь","Для конины",672
"Квас","Из ржи",673
"Англия","Родина бокса",674
"Перро","Шарль Перро",675
"Серебро","Для украшений",676
"Серов","Валентин Серов",677
"1914","Начало ПМВ",678
"Земля","Планета-океан",679
"Абрикос","Ворсистый фрукт",680
"Настольный теннис","Стол для игры",681
"Киви","Символ Новой Зеландии",682
"Кефир","Кисломолочный продукт",683
"Амазонка","Широкая река",684
"Пушкин","Александр Пушкин",685
"Азот","Для охлаждения",686
"Гайдар","Егор Гайдар",687
"Плутон","Мало изучена",688
"Лук","Для лукового супа",689
"Прыжки на лыжах","С трамплина",690
"Лев","Громкое животное",691
"Текила","Из агавы",692
"Индия","Родина йоги",693
"Чехов","Антон Чехов",694
"Железо","В стали",695
"Жуков","Георгий Жуков",696
"Венера","Длинный день",697
"Опунция","Фрукт кактуса",698
"Бильярд","С шарами",699
"Корова","Символ Швейцарии",700
"Моцарелла","Сыр для пиццы",701
"Бразилиа","Столица Бразилии",702
"Достоевский","Фёдор Достоевский",703
"Платина","Белое золото",704
"1812","Бородинская битва",705
"Юпитер","Быстрое вращение",706
"Помидор","Король огорода",707
"Дайвинг","Под водой",708
"Олень","Для оленины",709
"Комбуча","Чайный гриб",710
"Япония","Родина карате",711
"Твардовский","Александр Твардовский",712
"Неон","Для вывесок",713
"Людовик","Людовик XVI",714
"Венера","Ближайшая к Земле",715
"Клементин","Разновидность мандарина",716
"Гольф","На песке",717
"Кошка","Символ Египта",718
"Пудинг","Молочный десерт",719
"Рим","Вечный город",720
"Куприн","Александр Куприн",721
"Алюминий","Для самолётов",722
"Пётр","Пётр Первый",723
"Марс","Большие вулканы",724
"Морковь","Для торта",725
"Стрельба из лука","Олимпийский вид",726
"Карликовая свинья","Маленькое парнокопытное",727
"Виски","Из ячменя",728
"Италия","Родина пасты",729
"Достоевский","Фёдор Достоевский",730
"Кремний","Для стекла",731
"Пётр","Пётр Первый",732
"Уран","Планета Уран",733
"Смоковница","Для инжира",734
"Баскетбол","С корзиной",735
"Белый медведь","Символ Арктики",736
"Слоёное тесто","Для выпечки",737
"Канберра","Столица Австралии",738
"Гоголь","Николай Гоголь",739
"Азот","Для удобрений",740
"1147","Основание Москвы",741
"Юпитер","Кольца из пыли",742
"Слива","Для ткемали",743
"Кросс","Бег по местности",744
"Теленок","Для телятины",745
"Перри","Из груш",746
"Германия","Родина сосиски",747
"Чехов","Антон Чехов",748
"Серебро","Для зеркал",749
"Кутузов","Михаил Кутузов",750
"Энцелад","Ледяные гейзеры",751
"Лайм","Зелёный цитрус",752
"Крокет","На газоне",753
"Пума","Символ Аргентины",754
"Макароны","Из пшеницы",755
"Анкара","Столица Турции",756
"Булгаков","Михаил Булгаков",757
"Литий","В батарейках",758
"Альфред","Альфред Великий",759
"Венера","Тёмная планета",760
"Виноградные листья","Для долмы",761
"Сноубординг","На доске",762
"Жираф","Высокое парнокопытное",763
"Бурбон","Из кукурузы",764
"Япония","Родина роллов",765
"Чехов","Антон Чехов",766
"Гелий","Для шаров",767
"1943","Курская битва",768
"Уран","27 спутников",769
"Банан","Жёлтый фрукт",770
"Бокс","Для ударов",771
"Слон","Символ Таиланда",772
"Сливочный сыр","Для чизкейка",773
"Пекин","Столица Китая",774
"Белый","Андрей Белый",775
"Хром","Для нержавейки",776
"Чуйков","Василий Чуйков",777
"Уран","Ледяной гигант",778
"Баклажан","Для икры",779
"Роллерспорт","На роликах",780
"Кролик","Для крольчатины",781
"Саке","Из риса",782
"Венгрия","Родина гуляша",783
"Перро","Шарль Перро",784
"Ртуть","В лампах",785
"Хоу","Горди Хоу",786
"Уран","Вращение лежа",787
"Слива","С косточкой",788
"Бадминтон","С перьями",789
"Тофу","Соевый продукт",791
"Нью-Дели","Столица Индии",792
"Набоков","Владимир Набоков",793
"Аргон","Инертный газ",794
"1991","Конец Холодной войны",795
"Меркурий","Короткий период",796
"Капуста","Для капустняка",797
"Мотокросс","На мотоцикле",798
"Дельфин","Умное животное",799
"Джин","Из можжевельника",800
"Франция","Родина устриц",801
"Пушкин","Александр Пушкин",802
"Медь","Для проводов",803
"Апраксин","Фёдор Апраксин",804
"Уран","Алмазные дожди",805
"Дуриан","Король фруктов",806
"Девять","Игроков в бейсболе",807
"Гепард","Символ скорости",808
"Кумыс","Из кобыльего молока",809
"Буэнос-Айрес","Столица Аргентины",810
"Матисс","Анри Матисс",811
"Ртуть","В термометрах",812
"Февраль","Конец високосного",813
"Уран","Холодная звезда",814
"Андерсен","Ганс Андерсен",815
"Грейпфрут","Розовый и зелёный",816
"Борьба","Захваты и удержания",817
"Собака","Холодец",818
"Мисо","Японский суп",819
"Северный Ледовитый","Маленький океан",820
"Дюма","Александр Дюма",821
"Шестьдесят","Минут в часе",823
"Метеорит","Падающая звезда",824
"Гранат","С сочной мякотью",825
"Англия","Уимблдон",826
"Кенгуру","Прыгучее животное",827
"Нут","Для хумуса",828
"Дунай","Река в Вене",829
"Толстой","Лев Толстой",830
"Шепард","Алан Шепард",832
"Меркурий","Большой перепад температур",833
"Абрикос","Для урюка",834
"Гимнастика","На кольцах",835
"Лошадь","Логотип Ferrari",836
"Пейот","Кактусовый напиток",837
"Лермонтов","Михаил Лермонтов",839
"Азот","Элемент N",840